Region,Total_Revenue,Average_Sales
South,190409.22599999997,231.6413941605839
Central,246314.5152,209.62937463829786
East,330694.6260000002,236.0418458244113
West,332443.7055000011,206.3586005586599
